category,loader_key,path,bytes,width,height,sha256,source_id,load_status
image,ENVIRONMENT_TEXTURE_KEYS.medicineEnergyDrink,src/assets/downloaded/environment/airos-food-items-32x32/purple_drink_32x32.png,1862,32,32,10fee311a33dc4ab6c9065e550a2c43bbd745d92d6d903a83215d9c773bdff72,airos-food-items,loaded
image,ENVIRONMENT_TEXTURE_KEYS.medicineBandage,src/assets/downloaded/environment/airos-medical-items-32x32/bandage_32x32.png,1011,32,32,3a65bff8e8c1fd84aac684a118029a3d6ec1fc46d79765a4863f4eb72952b966,airos-medical-items,loaded
image,ENVIRONMENT_TEXTURE_KEYS.medicineMedkit,src/assets/downloaded/environment/airos-medical-items-32x32/first_aid_kit_32x32.png,1171,32,32,d205c280d30c9fcfd91a0ce1422baeefe53b7bb7292295a1443947ef5b6b8945,airos-medical-items,loaded
font,UI_FONT_NAME,src/assets/downloaded/fonts/alibaba-puhuiti-3/AlibabaPuHuiTi-3-55-Regular.woff2,5256740,,,1cb8418d80b01ec08cb6f2d64b6244aaaf1bb80dc35491b66ddba16c5e24f444,alibaba-puhuiti-3,loaded
image,GAME_ASSET_KEYS.zombieWalker,src/assets/downloaded/zombies/zombie-rpg-sprites/1ZombieSpriteSheet.png,20009,124,144,aa6238f00cbf142247c0b9363da2c1af604b6ec273984c1377038ecb54522964,zombie-rpg-sprites,legacy-preload
image,GAME_ASSET_KEYS.zombieLurker,src/assets/downloaded/zombies/zombie-rpg-sprites/2ZombieSpriteSheet.png,20425,124,144,b437a673457298a69672b6495afbac653e5c29f51d480e649d81d24bf7d27c6c,zombie-rpg-sprites,legacy-preload
image,GAME_ASSET_KEYS.zombieRunner,src/assets/downloaded/zombies/zombie-rpg-sprites/3ZombieSpriteSheet.png,21175,124,144,21dd0d281f2c880eb2ac6b1d9b05fca4a61b59004b5789db3463c8779b3ce39e,zombie-rpg-sprites,legacy-preload
image,GAME_ASSET_KEYS.zombieDrifter,src/assets/downloaded/zombies/zombie-rpg-sprites/4ZombieSpriteSheet.png,21390,124,144,e322cab3daf89f6f28631fe81d1dc144d1aaa34cccbacda41176fb9658e820d5,zombie-rpg-sprites,legacy-preload
image,GAME_ASSET_KEYS.zombieBomber,src/assets/downloaded/zombies/zombie-rpg-sprites/6ZombieSpriteSheet.png,17902,124,144,aab98df9a411f350541be9495bda6768684fbc221a1bfbaa44b16413c0c56b6f,zombie-rpg-sprites,legacy-preload
audio,AUDIO_ASSET_KEYS.playerHurt01,src/assets/processed/audio/characters/player-hurt-01.mp3,7148,,,45f19e4f637ff0e8936186977aa7cb131f67a95ca68660686476a47da224322e,hurt-sound-effects,loaded
audio,AUDIO_ASSET_KEYS.playerHurt02,src/assets/processed/audio/characters/player-hurt-02.mp3,4797,,,7c4cd404830bf3cd5f10ff3340266f573922399d06bfb4573daf9093c5b69833,hurt-sound-effects,loaded
audio,AUDIO_ASSET_KEYS.playerHurt03,src/assets/processed/audio/characters/player-hurt-03.mp3,3963,,,9950c1dbbf3f2c75952510f1f2a2ab6f36586ba7e62f4f1e74ad64e82db2aa52,hurt-sound-effects,loaded
audio,AUDIO_ASSET_KEYS.zombieAttack01,src/assets/processed/audio/characters/zombie-attack-01.wav,227056,,,dad8280256985cadc5745f407c53ebdcf428d55e6369a70847e5b83d60e98c17,zombies-sound-pack,loaded
audio,AUDIO_ASSET_KEYS.zombieAttack02,src/assets/processed/audio/characters/zombie-attack-02.wav,133220,,,6920b559f953d19737f65a9da5b31f7bb3e1421c48552f52d7a57399d507574b,zombies-sound-pack,loaded
audio,AUDIO_ASSET_KEYS.zombieAttack03,src/assets/processed/audio/characters/zombie-attack-03.wav,182898,,,be9223a5c65ad1c1444e6e2153918d8c2a2a1dee59efeb36fa5bbb060c2bfed8,zombies-sound-pack,loaded
audio,AUDIO_ASSET_KEYS.zombieDeath01,src/assets/processed/audio/characters/zombie-death-01.wav,381606,,,637f8d26b186005246a279fb19def56c81eebcf144c2346460ac1e4fc0075fc7,zombies-sound-pack,loaded
audio,AUDIO_ASSET_KEYS.zombieDeath02,src/assets/processed/audio/characters/zombie-death-02.wav,420242,,,c954b6173399ed574c1c1350b8da4a5b465e0454cc810d6e49779fe121fafa34,zombies-sound-pack,loaded
audio,AUDIO_ASSET_KEYS.zombieDeath03,src/assets/processed/audio/characters/zombie-death-03.wav,293286,,,91c33adaf9efa32d87c364eb2a679833a24ac5586c52f675f3e9cf8cedfde199,zombies-sound-pack,loaded
audio,AUDIO_ASSET_KEYS.criticalStinger01,src/assets/processed/audio/combat/critical-stinger-01.ogg,22089,,,8b3001d958d87d386b70288075b4025c751798ab0a4b12de7675da79096c51ea,100-cc0-sfx,loaded
audio,AUDIO_ASSET_KEYS.dustBurst01,src/assets/processed/audio/combat/dust-burst-01.ogg,20473,,,dd65899a487e2d307f86e7e5602f63b4cc2e2f77e6414b11ca84fca27ffdf10d,100-cc0-sfx,loaded
audio,AUDIO_ASSET_KEYS.executeStinger01,src/assets/processed/audio/combat/execute-stinger-01.ogg,23331,,,46852b9233249ea9c146f8f49780ab0cb585d6d509f56f4ab3ca46fd6f8648ed,100-cc0-sfx,loaded
audio,AUDIO_ASSET_KEYS.explosion01,src/assets/processed/audio/combat/explosion-01.ogg,25549,,,f31e12359b96b5e4d43edbcd533630b32421e55bc0b08aec4520d2ed45cd1a93,100-cc0-sfx,loaded
audio,AUDIO_ASSET_KEYS.fleshHit01,src/assets/processed/audio/combat/flesh-hit-01.ogg,14762,,,fee785537678a33d150310e8ae75eeaa439b0e1e9aa55aef19651d12013a067f,100-cc0-sfx,loaded
audio,AUDIO_ASSET_KEYS.fleshHit02,src/assets/processed/audio/combat/flesh-hit-02.ogg,17176,,,22f2bfcfb8e211ea19b0af0adc1ae7df7bce137a7a159303840f9b95992d5d61,100-cc0-sfx,loaded
audio,AUDIO_ASSET_KEYS.fleshHit03,src/assets/processed/audio/combat/flesh-hit-03.ogg,20643,,,c8948294e7885ada74bcab6efb6c60613b74241cc58eacd18e81aa6bd33449b8,100-cc0-sfx,loaded
audio,AUDIO_ASSET_KEYS.heartbeatThump01,src/assets/processed/audio/combat/heartbeat-thump-01.ogg,13086,,,2468a1635460a2da0ed7b0d91417f787f925b26d900042ce289ebcebad7ec652,100-cc0-sfx,loaded
audio,AUDIO_ASSET_KEYS.metalHit01,src/assets/processed/audio/combat/metal-hit-01.ogg,27067,,,f638423b1c67c9aeb0db9410b968ca1a89de728f3117f1bdd35a4fc7be4130ed,100-cc0-sfx,loaded
audio,AUDIO_ASSET_KEYS.metalHit02,src/assets/processed/audio/combat/metal-hit-02.ogg,33808,,,e5ac67a63335d849ffbc4a02fa60ceede0747e7854ebc3554c745b2d52f652cd,100-cc0-sfx,loaded
audio,AUDIO_ASSET_KEYS.metalHit03,src/assets/processed/audio/combat/metal-hit-03.ogg,30116,,,16b6d8272f13ee84b40cb9e0863d412fcbf88e1ce46a5c59691eb53e18ed7d17,100-cc0-sfx,loaded
audio,AUDIO_ASSET_KEYS.pierceStinger01,src/assets/processed/audio/combat/pierce-stinger-01.ogg,18922,,,8f52c3a878e87ea2abb8f7a9fba90d0ec32034393661ddf87ba2b2b086024195,100-cc0-sfx,loaded
audio,AUDIO_ASSET_KEYS.battleMusic,src/assets/processed/audio/music/battle.wav,4368690,,,4e9614d4bc07e91e4d279199fbef4ab1b02ec190e4c47f5d1741e44b25e87ba9,fast-fight-battle,loaded
audio,AUDIO_ASSET_KEYS.bossMusic,src/assets/processed/audio/music/boss.ogg,3530272,,,16e6949ab7e8e83533f50602a51bdd535a812b430cd4ad839f1f9b0100fac614,trance-boss-battle,loaded
audio,AUDIO_ASSET_KEYS.menuMusic,src/assets/processed/audio/music/menu.ogg,2021058,,,10cdeb8e7ede29f8afeedaec23f16297752a89aac36c37b06a0262b5190efaad,empty-city,loaded
audio,AUDIO_ASSET_KEYS.bossAlert01,src/assets/processed/audio/ui/boss-alert-01.ogg,10225,,,f1ee4c1ac8bfe1a82eacb54b26f49e8974bab93bcf10c01800bc10dbf730f559,kenney-interface-sounds,loaded
audio,AUDIO_ASSET_KEYS.uiConfirm01,src/assets/processed/audio/ui/confirm-01.ogg,8968,,,063564703b6094d70718a3e787a55cc9141611e4ecd6b6637f8828f79b4a8c3a,kenney-interface-sounds,loaded
audio,AUDIO_ASSET_KEYS.uiConfirm02,src/assets/processed/audio/ui/confirm-02.ogg,14169,,,33b17a9a9a2397c62b285c52c33a907fdffb476909c99e42dde603f6a7a8b12c,kenney-interface-sounds,loaded
audio,AUDIO_ASSET_KEYS.uiMove01,src/assets/processed/audio/ui/move-01.ogg,5468,,,aec0c31ea934a35936ae0d2ab8fac8123c93aa5647f935853a58dbaf90278b7a,kenney-interface-sounds,loaded
audio,AUDIO_ASSET_KEYS.uiMove02,src/assets/processed/audio/ui/move-02.ogg,5463,,,4cc6ac5341b9b2c86fef80c347de028e9ab9f2e037586ac7d9fa59a403a1c012,kenney-interface-sounds,loaded
audio,AUDIO_ASSET_KEYS.pickup01,src/assets/processed/audio/ui/pickup-01.ogg,38999,,,b29cf8f3885eb2a266a16455227288dd3e004ea0414d2823b1a8677915f862d1,100-cc0-sfx,loaded
audio,AUDIO_ASSET_KEYS.streakStinger01,src/assets/processed/audio/ui/streak-stinger-01.ogg,12391,,,568967a3d9f8a8f6af54ea01729c4882284308f2a27d78c07ffd7ee0d6951661,kenney-interface-sounds,loaded
audio,AUDIO_ASSET_KEYS.wave01,src/assets/processed/audio/ui/wave-01.ogg,55320,,,4780a38e91688b59899b3679cf3534b4b75654b45a177af9d9fb681c447f7f9a,100-cc0-sfx,loaded
audio,AUDIO_ASSET_KEYS.empty01,src/assets/processed/audio/weapons/empty-01.ogg,12076,,,a24004ad0adbc08571324456963533c496bd27cf4808b40cb90833dc06b95792,100-cc0-sfx,loaded
audio,AUDIO_ASSET_KEYS.firearmCz01,src/assets/processed/audio/weapons/firearm-cz-01.wav,249644,,,5a04fbd9c0425f5f668a0563f5a75e2c3b3f54d2443e943ebc8d91cdce277b78,gunshot-sounds,loaded
audio,AUDIO_ASSET_KEYS.firearmCz02,src/assets/processed/audio/weapons/firearm-cz-02.wav,211244,,,facae04f028ab2d87217eda405f2616ec9bfe52cdcfa9d413c9cb43a233c251c,gunshot-sounds,loaded
audio,AUDIO_ASSET_KEYS.firearmCz03,src/assets/processed/audio/weapons/firearm-cz-03.wav,153644,,,9f9e28a5201e41f7d66cb2264068000651def697a69887774909c6b61a53223d,gunshot-sounds,loaded
audio,AUDIO_ASSET_KEYS.firearmCz04,src/assets/processed/audio/weapons/firearm-cz-04.wav,169004,,,859aecfc7e45a3881256e323cf33a4437de2a631135d42ec3687125cb7150e36,gunshot-sounds,loaded
audio,AUDIO_ASSET_KEYS.firearmMosin01,src/assets/processed/audio/weapons/firearm-mosin-01.wav,305324,,,ff893f082b224f6034fec5e911bb99ca0a5644cac6964ca224ca794cc9e87143,gunshot-sounds,loaded
audio,AUDIO_ASSET_KEYS.firearmMosin02,src/assets/processed/audio/weapons/firearm-mosin-02.wav,299564,,,5dae65fd56cb95fc90f4a47ea03965df44f498d2891e02ea59649b87805a64b7,gunshot-sounds,loaded
audio,AUDIO_ASSET_KEYS.firearmMosin03,src/assets/processed/audio/weapons/firearm-mosin-03.wav,295724,,,bdf4e95987c417999b4a81a2c00f70d30d09bf4275089174e8a427bf778068f5,gunshot-sounds,loaded
audio,AUDIO_ASSET_KEYS.firearmShotgun01,src/assets/processed/audio/weapons/firearm-shotgun-01.wav,132524,,,47a34fef30b53fc81069ba5e4a97e2ace518967b44533440da40116b7e5d1e1c,gunshot-sounds,loaded
audio,AUDIO_ASSET_KEYS.firearmSks01,src/assets/processed/audio/weapons/firearm-sks-01.wav,236204,,,6763b298f57849a86dbbdc87d9febe8e147ea40c6d3b230a795b2b33f44ab13d,gunshot-sounds,loaded
audio,AUDIO_ASSET_KEYS.firearmSks02,src/assets/processed/audio/weapons/firearm-sks-02.wav,192044,,,097492e71553bf2aa2d376567e120de8cc68aa6f8c6af04136c0013cae7b4cf8,gunshot-sounds,loaded
audio,AUDIO_ASSET_KEYS.firearmSks03,src/assets/processed/audio/weapons/firearm-sks-03.wav,197804,,,516e197a4893e5b66ca596e8cc318d4baa37247183da009b649bc295313df4a4,gunshot-sounds,loaded
audio,AUDIO_ASSET_KEYS.firearmSks04,src/assets/processed/audio/weapons/firearm-sks-04.wav,230444,,,8943692c2e8b8df9c6d50dde579ae5439007b26896a3051445fb9ee2cee0622c,gunshot-sounds,loaded
audio,AUDIO_ASSET_KEYS.launcherM7901,src/assets/processed/audio/weapons/launcher-m79-01.ogg,14327,,,bd996051cd5de630329ba4b026d52e9452e34a54c40e87e3fbdede68c88ec185,100-cc0-sfx,loaded
audio,AUDIO_ASSET_KEYS.launcherRpg01,src/assets/processed/audio/weapons/launcher-rpg-01.ogg,27125,,,f293bc079a1859ba3d7e7f200c6d4a555543010eb7f5a33f561b064621819014,100-cc0-sfx,loaded
audio,AUDIO_ASSET_KEYS.reloadPistol,src/assets/processed/audio/weapons/reload-pistol.wav,278572,,,685cac6a184e3cc3ec09a25b6ddb1d6feffd86d469778f339aa423d384035c50,gun-reload-sounds,loaded
audio,AUDIO_ASSET_KEYS.reloadRifle,src/assets/processed/audio/weapons/reload-rifle.wav,274476,,,efb2d724d634eabe6ba8d3065686abca848bb7497d4d43a5e4aed5e5ea23016f,gun-reload-sounds,loaded
audio,AUDIO_ASSET_KEYS.reloadShotgun,src/assets/processed/audio/weapons/reload-shotgun.wav,83628,,,33e007321ba83301c861aef573f2c40b70bc62f8f24c0164877e6dd123e24371,gun-reload-sounds,loaded
audio,AUDIO_ASSET_KEYS.weaponSwitch01,src/assets/processed/audio/weapons/switch-01.ogg,22050,,,769dca6ccbea5c33cef602cdaa6ab0350b0dc2b093f02eae36f33e2552036f67,100-cc0-sfx,loaded
audio,AUDIO_ASSET_KEYS.fireLoop,src/assets/processed/audio/world/fire-loop.ogg,22784,,,f922929805bc6afdf0a35727fa3998033db544c1b6f62ed3aeab94341ed6ddeb,fire-crackling,loaded
image,CHARACTER_PORTRAIT_TEXTURE_KEYS.bastion,src/assets/processed/characters/portrait-bastion.png,240736,319,480,b2536126c51581b98033334e2a7c74610cd351689f647d2b79dcd1fd98f6d32b,project-characters,loaded
image,CHARACTER_PORTRAIT_TEXTURE_KEYS.breacher,src/assets/processed/characters/portrait-breacher.png,189046,249,480,6b9d1f412950317f1f8412ebdc739d9cbcf0f979fda69f09502df492e5687b97,project-characters,loaded
image,CHARACTER_PORTRAIT_TEXTURE_KEYS.eagle_eye,src/assets/processed/characters/portrait-eagle-eye.png,116718,191,480,523d8b02a97421074abe78ab30c60d9a1fbde8633cfe9c587ca8af5a49183acb,project-characters,loaded
image,CHARACTER_PORTRAIT_TEXTURE_KEYS.runner,src/assets/processed/characters/portrait-runner.png,163587,295,480,be81848c663052fc0393e4659b692e5a4dd290e922d97b872411ef04e27725b5,project-characters,loaded
image,CHARACTER_PORTRAIT_TEXTURE_KEYS.watcher,src/assets/processed/characters/portrait-watcher.png,143682,228,480,34c14b415f194b24238eb9ec8dd50b0b82ea57d07ca2122a0b649a42705a7e06,project-characters,loaded
image,CHARACTER_TEXTURE_KEYS.bastion,src/assets/processed/characters/sprite-bastion.png,3248,48,48,baf640775d5f6a7da9870f3b79b0cc4a36cae9c2d4aef7c79678e1d523bc7763,project-characters,loaded
image,CHARACTER_TEXTURE_KEYS.breacher,src/assets/processed/characters/sprite-breacher.png,3477,48,48,9607aec7c64157ee05d7e5530962bddab0cda97ca9cf986efed7d89345802ed4,project-characters,loaded
image,CHARACTER_TEXTURE_KEYS.eagle_eye,src/assets/processed/characters/sprite-eagle-eye.png,2545,48,48,deb388bef2f14e149f6aea0855c18cd1934f395adf70a1e52ba91d6547cf1589,project-characters,loaded
image,CHARACTER_TEXTURE_KEYS.runner,src/assets/processed/characters/sprite-runner.png,3138,48,48,dabd1bbb5fe6cde7ee4f601108c214c2746f4d1f3a67919e096c499e1cb1e8be,project-characters,loaded
image,CHARACTER_TEXTURE_KEYS.watcher,src/assets/processed/characters/sprite-watcher.png,3672,48,48,16b53b79d1ee2471c5b9fd5bbd4669c49c82744b50787c83f73cb33c7a58523a,project-characters,loaded
image,PARTICLE_ASSET_KEYS.blood,src/assets/processed/effects/blood-particle.png,160,16,16,7458c018c51def0513b10be71d8a48fac6c60ff5df88bb426bfaaeec56ad55ff,project-particles,loaded
image,EFFECT_ASSET_KEYS.dustCloud,src/assets/processed/effects/dust-cloud.png,275762,896,224,66398a315ee0272214b2cba98abd80fce7535e81d5e8155b113f5b44c000b9cf,project-effects,loaded
image,EFFECT_ASSET_KEYS.explosion,src/assets/processed/effects/explosion.png,224484,1024,256,fb5c7c7be4250174ed710b97aa7644454da6ac7dc7688f892e45410c153e2407,project-effects,loaded
image,EFFECT_ASSET_KEYS.firePatch,src/assets/processed/effects/fire-patch.png,158178,640,160,a7bc71e223965f1238e0e23c9e3e13f8e686427403075d9110b5c18fd181c5a9,project-effects,loaded
image,EFFECT_ASSET_KEYS.flameBlob,src/assets/processed/effects/flame-blob.png,30398,384,64,6dff8ab6bacfe46b5a31a1b025cd1be925344ea3b4a4e6976155977ba294a961,project-effects,loaded
image,EFFECT_ASSET_KEYS.flameJet,src/assets/processed/effects/flame-jet.png,91678,896,128,a5ffdf967bc9dea6a2de05098a8ce5986826a327e654fadaf4a883536b3fdc44,project-effects,loaded
image,EFFECT_ASSET_KEYS.muzzleHeavy,src/assets/processed/effects/muzzle-heavy.png,43923,640,112,d3107168b5d6fc9d5512b0a42221b3e6cf6b9ef6fd776bcfa05bbace833b5091,project-effects,loaded
image,EFFECT_ASSET_KEYS.muzzleRifle,src/assets/processed/effects/muzzle-rifle.png,22187,512,88,ddc088c9f031b11c3df40f23b3b3d3465c4f913a26a4e4c74c308301f12693e9,project-effects,loaded
image,EFFECT_ASSET_KEYS.muzzleShotgun,src/assets/processed/effects/muzzle-shotgun.png,48666,512,128,8a79b574aae376d5500c87c59d33cd8e6a0e07d762eeb083c8df846928a0af8a,project-effects,loaded
image,EFFECT_ASSET_KEYS.smokePuff,src/assets/processed/effects/smoke-puff.png,55966,512,128,cbfec0365ad960b73af4cf4817508d1ddabe0ed55e16e101e7e747e49e22f107,project-effects,loaded
image,PARTICLE_ASSET_KEYS.spark,src/assets/processed/effects/spark-particle.png,150,16,16,a0440cdade54672b7016ceed3acc9a46837fa62b738d50e39f2e47a46a1b80a0,project-particles,loaded
image,env-battlefield-endless-boundary,src/assets/processed/environment/battlefield-endless-boundary.png,237,1280,20,88312d074a3409b99f054cb5edfe8bcc98d5cf3120c02424d755fe450adbe834,modern-city-extension,loaded
image,env-battlefield-endless-ground,src/assets/processed/environment/battlefield-endless-ground.png,215,32,32,d08228da918a86a6e2fff3a2174b43dd34c90859ecbf39c0c6d61d18a81ce1c3,kenney-rpg-urban-pack,loaded
image,env-battlefield-endless-rail,src/assets/processed/environment/battlefield-endless-rail.png,3377,1280,116,4b4f3418e038900cafacecc5a4516422e41ab7bc6a9e226611d29581dbd54a8e,railway-line-terrain,loaded
image,env-battlefield-level_1-boundary,src/assets/processed/environment/battlefield-level_1-boundary.png,237,1280,20,b0dadaca6c0678dfa3efb0768aaa2bc89dc766c14cd61cd12017ad38c20f9266,modern-city-extension,loaded
image,env-battlefield-level_1-ground,src/assets/processed/environment/battlefield-level_1-ground.png,215,32,32,566d97afc569d5ba082091c42ad5faf962792c39198cc319c6a6566d47c1467e,kenney-rpg-urban-pack,loaded
image,env-battlefield-level_1-rail,src/assets/processed/environment/battlefield-level_1-rail.png,3379,1280,116,2ecaabf2967227b5b2ad54c276c8e63e07ba684af2a45f7ffceafb96608aa06c,railway-line-terrain,loaded
image,env-battlefield-level_10-boundary,src/assets/processed/environment/battlefield-level_10-boundary.png,237,1280,20,04d30d0791e5bf67ecefcc7c1df6fa4b4dcdbc04824370332e1826ee22ac9331,modern-city-extension,loaded
image,env-battlefield-level_10-ground,src/assets/processed/environment/battlefield-level_10-ground.png,216,32,32,d2010911884fc345ef144e4d0621a06436b0de42784fa73d2155d6d49bb39876,kenney-rpg-urban-pack,loaded
image,env-battlefield-level_10-rail,src/assets/processed/environment/battlefield-level_10-rail.png,3318,1280,116,8dec405b7ee7c3dc07bc221ff1cc32d92694f313b860c282f8ad48b35682265e,railway-line-terrain,loaded
image,env-battlefield-level_3-boundary,src/assets/processed/environment/battlefield-level_3-boundary.png,236,1280,20,136842ffcd8a31d4c98d8003e58300803352bcca44cba4712328634bda15b7c5,modern-city-extension,loaded
image,env-battlefield-level_3-ground,src/assets/processed/environment/battlefield-level_3-ground.png,215,32,32,037cca791260e49465ac0bfb20711d85d8cd589c5e66ef02bf72b219205c1e65,kenney-rpg-urban-pack,loaded
image,env-battlefield-level_3-rail,src/assets/processed/environment/battlefield-level_3-rail.png,3332,1280,116,bda931427480aa78142bbf5383ac2a7eeb105baac6e1a7dd5dc991bb57f7631c,railway-line-terrain,loaded
image,env-battlefield-level_4-boundary,src/assets/processed/environment/battlefield-level_4-boundary.png,237,1280,20,7ece7654b20e088d293dbfdd96224876f3d7f3f2afccb7f555c2e3ee8c17ddd2,modern-city-extension,loaded
image,env-battlefield-level_4-ground,src/assets/processed/environment/battlefield-level_4-ground.png,216,32,32,84486e53def367bbedbc19ba0ff0c117cb270d3f70b48216138a8893a880bf23,kenney-rpg-urban-pack,loaded
image,env-battlefield-level_4-rail,src/assets/processed/environment/battlefield-level_4-rail.png,3390,1280,116,4f706e66ece723cc40cfa7262411fe4789480fc495107041b4d8d81d38501d5d,railway-line-terrain,loaded
image,env-battlefield-level_5-boundary,src/assets/processed/environment/battlefield-level_5-boundary.png,236,1280,20,1e1f88d40658d99b3b5b7757a0f4aaa87f2a1e6522b98f07b3cf1a768c237b0e,modern-city-extension,loaded
image,env-battlefield-level_5-ground,src/assets/processed/environment/battlefield-level_5-ground.png,215,32,32,d971b3d4e84530970cdfda372d549ad0fd2a550826e476cc0c6f6be6f061d433,kenney-rpg-urban-pack,loaded
image,env-battlefield-level_5-rail,src/assets/processed/environment/battlefield-level_5-rail.png,2756,1280,116,4ecdb5b9e0ad76dafa0e7ee6141eab30017b4597b572f7b6bab987c7d2630ef8,railway-line-terrain,loaded
image,env-battlefield-level_6-boundary,src/assets/processed/environment/battlefield-level_6-boundary.png,237,1280,20,f9e8219d54713aa64603031de3608b89be51bf9cb59458a58da8df1eda419b7f,modern-city-extension,loaded
image,env-battlefield-level_6-ground,src/assets/processed/environment/battlefield-level_6-ground.png,215,32,32,52bce5863c6d9270ac68de80440bdd3dcf32a3ad68c4c06aa834bbf70c8fd961,kenney-rpg-urban-pack,loaded
image,env-battlefield-level_6-rail,src/assets/processed/environment/battlefield-level_6-rail.png,3362,1280,116,33962d259f8c9065991abb2076ed86b784343652d2dbd08dc5166c0bb85e9ce5,railway-line-terrain,loaded
image,env-battlefield-level_7-boundary,src/assets/processed/environment/battlefield-level_7-boundary.png,236,1280,20,8dabf9e8f4ebf5da576a9ce4ddb816e3f4956aaf11637f7a0d583a787c56f763,modern-city-extension,loaded
image,env-battlefield-level_7-ground,src/assets/processed/environment/battlefield-level_7-ground.png,215,32,32,527106ea83119fa9adccdc1f49437103607741290a763d3b19ee65ba98841941,kenney-rpg-urban-pack,loaded
image,env-battlefield-level_7-rail,src/assets/processed/environment/battlefield-level_7-rail.png,3384,1280,116,f818a6ee3dd029a264a1fc32b943f629d3915e8df7562f6032269959b7022f08,railway-line-terrain,loaded
image,env-battlefield-level_8-boundary,src/assets/processed/environment/battlefield-level_8-boundary.png,237,1280,20,17dd5d1348063dfb285410aee00038b64300646384e215f9a644f1f62bbc93df,modern-city-extension,loaded
image,env-battlefield-level_8-ground,src/assets/processed/environment/battlefield-level_8-ground.png,216,32,32,570faacc6fc22a313b6f59c1500d8a1d53ba4b17d2e9ceccb3825c308d6b1d68,kenney-rpg-urban-pack,loaded
image,env-battlefield-level_8-rail,src/assets/processed/environment/battlefield-level_8-rail.png,3301,1280,116,7c4c1941b46e93b5bcef9ec863fed80dddb090f54cbc08c5585ae6d0e0148ea5,railway-line-terrain,loaded
image,env-battlefield-level_9-boundary,src/assets/processed/environment/battlefield-level_9-boundary.png,237,1280,20,9e0762db43a8e3c7110bea7a37c90e6ee421330fd22d2552dae768cb848329cf,modern-city-extension,loaded
image,env-battlefield-level_9-ground,src/assets/processed/environment/battlefield-level_9-ground.png,216,32,32,3fa41623243993c7f2dab4ee506338e23db135d930c753c89fa6ca6dd4ecaa72,kenney-rpg-urban-pack,loaded
image,env-battlefield-level_9-rail,src/assets/processed/environment/battlefield-level_9-rail.png,3341,1280,116,7e627060a6bb3a06c2191a6deb7f0dffe938fb4af9431f5bbe5dfac2e32d140f,railway-line-terrain,loaded
image,ENVIRONMENT_TEXTURE_KEYS.battlefieldLevel2Boundary,src/assets/processed/environment/battlefield-level2-boundary.png,236,1280,20,6121ff6ea8ab2be0ed2231794fca12023c501d9c1e6b747eaa012b2125636607,modern-city-extension,loaded
image,ENVIRONMENT_TEXTURE_KEYS.battlefieldLevel2Ground,src/assets/processed/environment/battlefield-level2-ground.png,219,32,32,6210463ce8335f76abea3933ab57c7488a9325675edaf24d79fb91be70f98f43,kenney-rpg-urban-pack,loaded
image,ENVIRONMENT_TEXTURE_KEYS.battlefieldLevel2Rail,src/assets/processed/environment/battlefield-level2-rail.png,3401,1280,116,623b485259844a47c79a762009c8658d7cfd63f57520eddc77c7c48d3d88d703,railway-line-terrain,loaded
image,ENVIRONMENT_TEXTURE_KEYS.bulletEnemy,src/assets/processed/environment/bullet-enemy.png,564,28,18,0aab12ce581ab99b29a6e274364b9b5c2614150e6413582e820d7c1a6087f33a,endless-midnight,loaded
image,ENVIRONMENT_TEXTURE_KEYS.bulletExplosive,src/assets/processed/environment/bullet-explosive.png,1264,56,24,131518a64cf1c5f82720ec45810f3b51d3440a7b3f34673fc08c2c5e773f7486,endless-midnight,loaded
image,ENVIRONMENT_TEXTURE_KEYS.bulletFriendly,src/assets/processed/environment/bullet-friendly.png,747,32,16,a3323dd84c03fb620b562034c362ad47ff261b4201d5bb77ab30f7dd516ddbcb,endless-midnight,loaded
image,ENVIRONMENT_TEXTURE_KEYS.obstacleContainer,src/assets/processed/environment/obstacle-container.png,363,164,68,9c6196b97ef521bdd464d61373ec2644813e0e225d78e83ac38a229e877ec752,project-obstacles,loaded
image,ENVIRONMENT_TEXTURE_KEYS.obstacleTruck,src/assets/processed/environment/obstacle-truck.png,684,176,84,85506766759e53fabfc4afcc45c56a07389f487943d4940474ff922ca0128047,project-obstacles,loaded
image,ENVIRONMENT_TEXTURE_KEYS.obstacleWall,src/assets/processed/environment/obstacle-wall.png,402,164,50,c025b25e65c9c0db0f32dd8a090195e1dd2d1981d34fdc01b6da1e17ed3663bc,project-obstacles,loaded
image,ENVIRONMENT_TEXTURE_KEYS.pickupAmmo,src/assets/processed/environment/pickup-ammo.png,651,42,42,957f8d90bbc89617374c1ead39f0702ffadfc66ccedf2774753521d8af2d427e,ammo-pack,loaded
image,ENVIRONMENT_TEXTURE_KEYS.pickupEnhancement,src/assets/processed/environment/pickup-enhancement.png,276,38,38,9259bb9f1754723cb539caf13feb529f395fd64f29c2ee03169713d22c492319,medicine-pack,loaded
image,ENVIRONMENT_TEXTURE_KEYS.propCryoCanister,src/assets/processed/environment/prop-cryo-canister.png,3557,46,38,46130de26d2746c82817b369f387a267e06de91c7f4cb89b7ba815544c2c5eaf,project-tactical-props,loaded
image,ENVIRONMENT_TEXTURE_KEYS.propDemoCharge,src/assets/processed/environment/prop-demo-charge.png,3009,46,38,95f3c98f8c4ab0ddec30f4722a5e17932e6119737c65a5290e5a59c74b93b8d2,project-tactical-props,loaded
image,ENVIRONMENT_TEXTURE_KEYS.propDustCanister,src/assets/processed/environment/prop-dust-canister.png,3525,46,38,f0b6aab654c98a16aded7b00cc4c6d2a4fead622f0ce0a8815924418c97da27a,project-tactical-props,loaded
image,ENVIRONMENT_TEXTURE_KEYS.propFirebomb,src/assets/processed/environment/prop-firebomb.png,3901,46,38,8d65823056ca0715913b87173d49334b7a1d7967c0bdef9cefdbf0bc6d60f3c4,project-tactical-props,loaded
image,ENVIRONMENT_TEXTURE_KEYS.propFlourBarrel,src/assets/processed/environment/prop-flour-barrel.png,3614,52,48,035d4cc432daeb91b50cd5fb2292474a34c22d63d63c0ec09c2415ed2d5fadd7,freeart-topdown-extras,loaded
image,ENVIRONMENT_TEXTURE_KEYS.propMine,src/assets/processed/environment/prop-mine.png,1338,46,38,636479da9bde6795dfb72e6dd7db7aa330edda52d5087ac7f0de2808f0afb13e,cc0-explosive-icons,loaded
image,ENVIRONMENT_TEXTURE_KEYS.propOilBarrel,src/assets/processed/environment/prop-oil-barrel.png,3112,52,48,fea4f961027e043948a7559d89234de40af9db2f081c0acdbd6b70e7729dec7c,freeart-topdown-extras,loaded
image,UI_ASSET_KEYS.crosshair,src/assets/processed/ui/crosshair.png,246,32,32,0a8b910764decdcf685a14dc61ee582019300e3e5c5f2f3c62995bbe93b82ccb,project-ui,loaded
image,UI_ASSET_KEYS.keycap,src/assets/processed/ui/keycap.png,251,80,32,9dcd17f03380376470cce2e78fca3a86237c268782f095ba4b1cb4da04f5cf85,project-ui,loaded
image,GAME_WEAPON_TEXTURE_KEYS.aa12,src/assets/processed/weapons/aa12.png,810,132,48,7c8c3e7fb8f1e6fdc76677f2e38870a6d998231d7ecfde6ec7e67a250dd61188,project-weapon-side-drawn,loaded
image,GAME_WEAPON_TEXTURE_KEYS.ak47,src/assets/processed/weapons/ak47.png,935,117,36,5cdcffd2635e53499b23a86641b8c60b86f2c62664204a90c9c6e529bcd6e834,pixel-art-guns,loaded
image,GAME_WEAPON_TEXTURE_KEYS.barrett,src/assets/processed/weapons/barrett.png,970,130,32,cd5a1673ee21a4d61763159a87d866a2609b397a7b2037838f3369087282a221,pixel-art-guns,loaded
image,GAME_WEAPON_TEXTURE_KEYS.cryo_sprayer,src/assets/processed/weapons/cryo_sprayer.png,892,132,48,de0116f9d40e522336ea9e1a90de7bb5b366d8a9b086a108a35608a6aa5bbb29,project-weapon-side-drawn,loaded
image,GAME_WEAPON_TEXTURE_KEYS.dual_uzi,src/assets/processed/weapons/dual_uzi.png,795,132,48,debf53c2e5f975b517fc90604b615bc243fa5881dabf4c3b57d1eb21a263388e,project-weapon-side-drawn,loaded
image,GAME_WEAPON_TEXTURE_KEYS.flamethrower,src/assets/processed/weapons/flamethrower.png,8456,132,48,03b9c4c9f197c0cae39547e4de26ca9623b179bf146e889350dec887372b8f10,project-weapon-side-ai,loaded
image,GAME_WEAPON_TEXTURE_KEYS.gatling,src/assets/processed/weapons/gatling.png,8132,132,48,e43e7714f1f3ba207d2d9f04fea1cac643463b5cb262d87494ebbe2092406f55,project-weapon-side-ai,loaded
image,GAME_WEAPON_TEXTURE_KEYS.golden_m249,src/assets/processed/weapons/golden_m249.png,9037,132,48,80ebf354e4096e4704d3927834de3971bb344399c2fb0e28f173eab2c0a133e8,project-weapon-side-ai,loaded
image,GAME_WEAPON_TEXTURE_KEYS.m16a4,src/assets/processed/weapons/m16a4.png,840,132,48,ff895e87b1be5c228837d0d4ec75823f3afc138a22797472fb3611489078a0df,project-weapon-side-drawn,loaded
image,GAME_WEAPON_TEXTURE_KEYS.m79,src/assets/processed/weapons/m79.png,697,127,45,0a80c7e53af5b28642ede9e4f021c08dde9a89a4c58760ae02562f3245b860be,pixel-art-guns,loaded
image,GAME_WEAPON_TEXTURE_KEYS.pistol,src/assets/processed/weapons/pistol.png,225,30,22,f9b44f825520d8c2cc012bd46058682ba5814a04773649cdc135e93f998daa8d,desert-eagle-486,loaded
image,GAME_WEAPON_TEXTURE_KEYS.railgun,src/assets/processed/weapons/railgun.png,930,132,48,1a9505b19af7555ed01029d401658ab41ca0fa38957dcc8a6c588d021aa7be85,project-weapon-side-drawn,loaded
image,GAME_WEAPON_TEXTURE_KEYS.rifle,src/assets/processed/weapons/rifle.png,946,124,47,0c1f86cd688b047d649ebc9c250a9bfe4670f8b34752c99cce065b137d5a6198,pixel-art-guns,loaded
image,GAME_WEAPON_TEXTURE_KEYS.rpg,src/assets/processed/weapons/rpg.png,799,131,27,24cfcd639ae6f914b053771d33c98c289f12e9a53df92eb1c85523c576b04bb1,pixel-art-guns,loaded
image,GAME_WEAPON_TEXTURE_KEYS.shotgun,src/assets/processed/weapons/shotgun.png,879,128,43,f39f466cfd61fd52bc3a67bfc4a940a7bbef6fdc08e28fc754640730bf55d2cf,pixel-art-guns,loaded
image,GAME_WEAPON_TEXTURE_KEYS.smg,src/assets/processed/weapons/smg.png,1018,127,69,cd086891876ad0191bb0e9636088888aa8ac25c5832f747e69dfcbc447213830,pixel-art-guns,loaded
image,GAME_WEAPON_TEXTURE_KEYS.tesla,src/assets/processed/weapons/tesla.png,931,132,48,10fc5be203d97d112f276c426972cf4dbb0ab2f9a912bb10eb77a2ba8dd521a8,project-weapon-side-drawn,loaded
image,GAME_WEAPON_TOPDOWN_TEXTURE_KEYS.aa12,src/assets/processed/weapons/topdown/aa12.png,1268,99,39,ebbcccc415f3678e4446c9e995eb46e1cff3441a517bd1f15ae45c3b7fb29a51,project-weapon-topdown,loaded
image,GAME_WEAPON_TOPDOWN_TEXTURE_KEYS.ak47,src/assets/processed/weapons/topdown/ak47.png,916,105,29,b40cd88f73cb26f60e32b94e74c62e6d181a25dccc42391edb6d5bd2ff030e4f,project-weapon-topdown,loaded
image,GAME_WEAPON_TOPDOWN_TEXTURE_KEYS.barrett,src/assets/processed/weapons/topdown/barrett.png,1000,125,31,b6e547d0d2ccd4a00bf83783abe1f940f27aa4f8953b2906b46876faa481c1b9,project-weapon-topdown,loaded
image,GAME_WEAPON_TOPDOWN_TEXTURE_KEYS.cryo_sprayer,src/assets/processed/weapons/topdown/cryo_sprayer.png,1441,97,37,7da4f2d990369b642562be36df01cf937f1b537e2af43aecff0b7d0eb2f7d109,project-weapon-topdown,loaded
image,GAME_WEAPON_TOPDOWN_TEXTURE_KEYS.dual_uzi,src/assets/processed/weapons/topdown/dual_uzi.png,926,77,41,a9b683d3ade6d59e1e7b8c154c19b612f318af510888b399d3762eba2292d421,project-weapon-topdown,loaded
image,GAME_WEAPON_TOPDOWN_TEXTURE_KEYS.flamethrower,src/assets/processed/weapons/topdown/flamethrower.png,1474,101,37,64ddec95034f49dfb988acf00f4292f5fbf39f86046bc842f243e4a43e2b9907,project-weapon-topdown,loaded
image,GAME_WEAPON_TOPDOWN_TEXTURE_KEYS.gatling,src/assets/processed/weapons/topdown/gatling.png,1404,117,43,a22d2b5ed10f435372f0c700f9c0651d54ff487839278e89efa89200756fe8de,project-weapon-topdown,loaded
image,GAME_WEAPON_TOPDOWN_TEXTURE_KEYS.golden_m249,src/assets/processed/weapons/topdown/golden_m249.png,1211,113,39,4b8730c63d15df6507a3888631c35177da9e7e95fd3b5e11f2e90e8d40c179d8,project-weapon-topdown,loaded
image,GAME_WEAPON_TOPDOWN_TEXTURE_KEYS.m16a4,src/assets/processed/weapons/topdown/m16a4.png,866,109,29,12575308c70139df5aa232216e438998f523bb7241eea06a9d44715bf645bdeb,project-weapon-topdown,loaded
image,GAME_WEAPON_TOPDOWN_TEXTURE_KEYS.m79,src/assets/processed/weapons/topdown/m79.png,681,93,29,0a31af1893fa09d70c0126691ebdb6a22b0c0fb6b2ee34bf47e5784a89958a19,project-weapon-topdown,loaded
image,GAME_WEAPON_TOPDOWN_TEXTURE_KEYS.pistol,src/assets/processed/weapons/topdown/pistol.png,416,49,23,0baeeeb46ad4feb264926f6db77af8b0f7489a5cef74d440aecb00728f5d901b,project-weapon-topdown,loaded
image,GAME_WEAPON_TOPDOWN_TEXTURE_KEYS.railgun,src/assets/processed/weapons/topdown/railgun.png,1006,127,33,bbfaf39ddab57cce115a224b242d62eff17eec7ed8f0df667edd5f9d1728f6e6,project-weapon-topdown,loaded
image,GAME_WEAPON_TOPDOWN_TEXTURE_KEYS.rifle,src/assets/processed/weapons/topdown/rifle.png,720,105,29,a17555a069dd74537ab72d278a2de18e615268727073bc84e78d6998a95287b1,project-weapon-topdown,loaded
image,GAME_WEAPON_TOPDOWN_TEXTURE_KEYS.rpg,src/assets/processed/weapons/topdown/rpg.png,1003,121,35,bf3c93030283c25c3120c0a7a2fc54454736581bae1fa74562f21a46a07559d0,project-weapon-topdown,loaded
image,GAME_WEAPON_TOPDOWN_TEXTURE_KEYS.shotgun,src/assets/processed/weapons/topdown/shotgun.png,753,105,31,c33338435da6c0ff524d1d7b552aa709d96322fda764a3f80ba3d3b98d3993b9,project-weapon-topdown,loaded
image,GAME_WEAPON_TOPDOWN_TEXTURE_KEYS.smg,src/assets/processed/weapons/topdown/smg.png,683,81,27,e49ff72ca243457a34762dbe2196e42752756540c951edd66bf829759698346f,project-weapon-topdown,loaded
image,GAME_WEAPON_TOPDOWN_TEXTURE_KEYS.tesla,src/assets/processed/weapons/topdown/tesla.png,1139,91,35,6d5f781eb9b8a7d23d5c714756ebd1553d2a6ee0f6ef625b0baed33c797da652,project-weapon-topdown,loaded
image,GAME_ASSET_KEYS.zombieBloaterDirectional,src/assets/processed/zombies/bloater-directional-custom.png,3860935,2048,2048,23c52d831e777cad292a1da2835fd5df8b9fb443fa6ff0cf6ed0238a44d20873,project-zombies,loaded
image,GAME_ASSET_KEYS.zombieBloaterPortrait,src/assets/processed/zombies/bloater-portrait.png,311839,512,512,ac5af8c86448ad6a19cce6b7b101a719d2a71a042455ef585d60be931721e1ab,project-zombies,loaded
image,GAME_ASSET_KEYS.zombieBloodiedDirectional,src/assets/processed/zombies/bloodied-directional-custom.png,3232418,2048,2048,435419bb3a78d1622b23bd25e29ea5d1f0b502c50f1c2c01c8819ae223cc1b94,project-zombies,loaded
image,GAME_ASSET_KEYS.zombieBloodiedPortrait,src/assets/processed/zombies/bloodied-portrait.png,266387,512,512,6dea1eae3131a6ef90c9a81eb1ae01a5ac8553831e9595884e5f8d5861ba4b74,project-zombies,loaded
image,GAME_ASSET_KEYS.zombieBomberBossAttack,src/assets/processed/zombies/bomber-boss-attack-custom.png,722438,2048,512,23db8fa5dc35e05a1a66ed1c6141ded2f0d472ccd183d3c8f616d818efab88d5,project-zombies,loaded
image,GAME_ASSET_KEYS.zombieBomberBossDeath0,src/assets/processed/zombies/bomber-boss-death-0-custom.png,762845,2048,512,7d7b37f28170293685e778785df767cec610334e8d4045ef24951f8bd001a31e,project-zombies,loaded
image,GAME_ASSET_KEYS.zombieBomberBossDeath1,src/assets/processed/zombies/bomber-boss-death-1-custom.png,863783,2048,512,e02dcda8d375e6b2c0f0098609a27c5e5fccecd4100ff4572eb85da7f4de5489,project-zombies,loaded
image,GAME_ASSET_KEYS.zombieBomberBoss,src/assets/processed/zombies/bomber-boss-move-custom.png,819300,2048,512,9239c219b86211371fd504f8003e499250b74a26aed4094ca401bf3672a12f58,project-zombies,loaded
image,GAME_ASSET_KEYS.zombieBomberBossPortrait,src/assets/processed/zombies/bomber-boss-portrait.png,281165,512,512,256eea082a4bf637133b4cfc781b9e8e0887d26488ff863364c97a33b0f18b87,project-zombies,loaded
image,GAME_ASSET_KEYS.zombieBomberDirectional,src/assets/processed/zombies/bomber-directional-custom.png,3138244,2048,2048,a15b5ad8c54a002aa82b5b6d60b3e0166a323b6d07fb525460685061d01f195e,project-zombies,loaded
image,GAME_ASSET_KEYS.zombieBomberPortrait,src/assets/processed/zombies/bomber-portrait.png,235197,512,512,94a1675c8fff19482bf1ed460e3704fe8550cb98c86618608dbbdb992870e00a,project-zombies,loaded
image,GAME_ASSET_KEYS.zombieCrawlerDirectional,src/assets/processed/zombies/crawler-directional-custom.png,2072352,2048,2048,36520c613f61e568e5580ed012aee4ec56d7a289419631f30f883ff0da775d06,project-zombies,loaded
image,GAME_ASSET_KEYS.zombieCrawlerPortrait,src/assets/processed/zombies/crawler-portrait.png,183497,512,512,60e582101cab9e44fe847c920d13d2c44df553b2d6eb77284db0d60a8e7c2778,project-zombies,loaded
image,GAME_ASSET_KEYS.zombieDrifterDirectional,src/assets/processed/zombies/drifter-directional-custom.png,2235531,2048,2048,ecfac11deab651a86de5a022495638d0139061a65206a186a269a833cb4509bd,project-zombies,loaded
image,GAME_ASSET_KEYS.zombieDrifterPortrait,src/assets/processed/zombies/drifter-portrait.png,150570,512,512,bb68e51bcc4333511b52231191b11369cd35bdc510a9b146e21a1b84a89e35b0,project-zombies,loaded
image,GAME_ASSET_KEYS.zombieFeralDirectional,src/assets/processed/zombies/feral-directional-custom.png,2130250,2048,2048,2f9260325e4d5051ca8fdb8ee596e88da7ed4f9434a3dca584090b8314fd13ca,project-zombies,loaded
image,GAME_ASSET_KEYS.zombieFeralPortrait,src/assets/processed/zombies/feral-portrait.png,227088,512,512,75c6bd7acaffb96ffa2492a334a9dabc37c5d944a2721c25d50c6a6939bac391,project-zombies,loaded
image,GAME_ASSET_KEYS.zombieHeadlessDirectional,src/assets/processed/zombies/headless-directional-custom.png,1960145,2048,2048,c6ff7b581651ed46aeefc3fa6f55b0659e42033de0e1a9e328cec4983c29d9b7,project-zombies,loaded
image,GAME_ASSET_KEYS.zombieHeadlessPortrait,src/assets/processed/zombies/headless-portrait.png,180191,512,512,7995d22f23c39392dc3b7767063773ce0e008bbcf29fe721f54ea8cd7ff411ec,project-zombies,loaded
image,GAME_ASSET_KEYS.zombieHunterBossAttack,src/assets/processed/zombies/hunter-boss-attack-custom.png,584540,2048,512,52e382602257d619c22cccd5e05360b488d6f32af69e60dc575117a8b895793d,project-zombies,loaded
image,GAME_ASSET_KEYS.zombieHunterBossDeath0,src/assets/processed/zombies/hunter-boss-death-0-custom.png,591899,2048,512,7012373e7fe3ffc4766480b735d767b898a7cb7a1b6e852e8a674ee194a388c0,project-zombies,loaded
image,GAME_ASSET_KEYS.zombieHunterBossDeath1,src/assets/processed/zombies/hunter-boss-death-1-custom.png,539488,2048,512,2f907d8af8b6f20eb949902f019df01a47f8dd5b401bfcfe9eb58ad906b139e5,project-zombies,loaded
image,GAME_ASSET_KEYS.zombieHunterBoss,src/assets/processed/zombies/hunter-boss-move-custom.png,620337,2048,512,14aa39144308b789e6a74288e5f7da5539bdb3e4faa66e08d8ce653698f1d37e,project-zombies,loaded
image,GAME_ASSET_KEYS.zombieHunterBossPortrait,src/assets/processed/zombies/hunter-boss-portrait.png,189944,512,512,88c2741b6515f8f6ec60ba24dc35760d83a82cbbe92b6302a02be2b25ee63f5c,project-zombies,loaded
image,GAME_ASSET_KEYS.zombieLurkerDirectional,src/assets/processed/zombies/lurker-directional-custom.png,2493127,2048,2048,3f4da00b3c3688d325d0e9ea4fcdc846e7a2035b619e1f94aee4c4c6aaa0b388,project-zombies,loaded
image,GAME_ASSET_KEYS.zombieLurkerPortrait,src/assets/processed/zombies/lurker-portrait.png,214767,512,512,8386349d470aad8def330aa203710f40fecc2ed053b9945ae9a8e33f9dd340cb,project-zombies,loaded
image,GAME_ASSET_KEYS.zombieMatriarchBossAttack,src/assets/processed/zombies/matriarch-boss-attack-custom.png,825745,2048,512,f99c904727b6afb2dfc8fcd0834e524546fc3daaadca785908fcf397c317afed,project-zombies,loaded
image,GAME_ASSET_KEYS.zombieMatriarchBossDeath0,src/assets/processed/zombies/matriarch-boss-death-0-custom.png,905863,2048,512,0f7ca02780afa4f8a8a805d9badfbafd254c70a9abdcc6fcefc667b04cbff305,project-zombies,loaded
image,GAME_ASSET_KEYS.zombieMatriarchBossDeath1,src/assets/processed/zombies/matriarch-boss-death-1-custom.png,872612,2048,512,88f6418f3d81aff2a3f26c06a7ed07182c795f8f3d382649ae4db8b0a4a583f2,project-zombies,loaded
image,GAME_ASSET_KEYS.zombieMatriarchBoss,src/assets/processed/zombies/matriarch-boss-move-custom.png,947220,2048,512,46a4cdfa91d33016ec19d19f4f8a6f5c7f6ff618229a05556234f1897749df8d,project-zombies,loaded
image,GAME_ASSET_KEYS.zombieMatriarchBossPortrait,src/assets/processed/zombies/matriarch-boss-portrait.png,394896,512,512,8107bc7ce2b4dedd9d834a545bed44f9d2d437f0a9221aa6d667b57c025536b6,project-zombies,loaded
image,GAME_ASSET_KEYS.zombieOddityDirectional,src/assets/processed/zombies/oddity-directional-custom.png,2138331,2048,2048,6f948f5bf381bc34c343dc970ab8018a9d5d08ccbd3fefb84accb2adf3ea7fce,project-zombies,loaded
image,GAME_ASSET_KEYS.zombieOddityPortrait,src/assets/processed/zombies/oddity-portrait.png,213346,512,512,7ea57a0de2eaebdb1ff1cf7940a21c102286284c5f9cb5a1338bd852c8fb8b52,project-zombies,loaded
image,GAME_ASSET_KEYS.zombieRottingDirectional,src/assets/processed/zombies/rotting-directional-custom.png,2750433,2048,2048,5a8cd41b1e4e5ec32083745f8116217ba1faf605eb9b6029e0a02db7fc480974,project-zombies,loaded
image,GAME_ASSET_KEYS.zombieRottingPortrait,src/assets/processed/zombies/rotting-portrait.png,189935,512,512,45b70ed3e7541792cfba555c9d6f0e6b6a386a7f44a3176ae19afbcedbf36352,project-zombies,loaded
image,GAME_ASSET_KEYS.zombieRunnerDirectional,src/assets/processed/zombies/runner-directional-custom.png,1846296,2048,2048,c12793b9f7ee6cb1fd42f1152eeab1d02200ba0ecd8bb4d497ca71da9073ba20,project-zombies,loaded
image,GAME_ASSET_KEYS.zombieRunnerPortrait,src/assets/processed/zombies/runner-portrait.png,134942,512,512,f4e5b45bd92295266c4be1cae2a250cc9994bf91fba667ecdad3cc8baf9e2eae,project-zombies,loaded
image,GAME_ASSET_KEYS.zombieStalkerDirectional,src/assets/processed/zombies/stalker-directional-custom.png,1814730,2048,2048,2686c8fbcc7f11b9a969b2242dda06f6ba0e52b437d37726b5b88dd1e6294430,project-zombies,loaded
image,GAME_ASSET_KEYS.zombieStalkerPortrait,src/assets/processed/zombies/stalker-portrait.png,177897,512,512,d824f2341a819f18ac07e7e5f6578a61d0aba401a768e2bb2375c72205cb42d4,project-zombies,loaded
image,GAME_ASSET_KEYS.zombieTankBossAttack,src/assets/processed/zombies/tank-boss-attack-custom.png,1008716,2048,512,b0953e81581898ac8d6736ee1b0b424c9c9e052870ebb42325454a0dd58a01c9,project-zombies,loaded
image,GAME_ASSET_KEYS.zombieTankBossDeath0,src/assets/processed/zombies/tank-boss-death-0-custom.png,1105779,2048,512,10b36aa2f4f1869c1006e9155dc1f57cbf23af5dd084523c4136b795f6497b61,project-zombies,loaded
image,GAME_ASSET_KEYS.zombieTankBossDeath1,src/assets/processed/zombies/tank-boss-death-1-custom.png,1075892,2048,512,e11171c8945161ae337119e43baa3909310209b1d1faae77760b73916e9e6fa5,project-zombies,loaded
image,GAME_ASSET_KEYS.zombieTankBoss,src/assets/processed/zombies/tank-boss-move-custom.png,1054421,2048,512,4e57893850828aa8b4d96622ebcb5da29c85e493fb115a6038b5cab06b56679d,project-zombies,loaded
image,GAME_ASSET_KEYS.zombieTankBossPortrait,src/assets/processed/zombies/tank-boss-portrait.png,350373,512,512,f63dd559d48603b6ed43f68b896f968fdf3d173f251668cea42f3e361af6edfd,project-zombies,loaded
image,GAME_ASSET_KEYS.zombieTankDirectional,src/assets/processed/zombies/tank-directional-custom.png,3785817,2048,2048,d1c9b5995dfa6404bdc629516ec1ee29d01d6e25e7855fb051641ce6fb3ab600,project-zombies,loaded
image,GAME_ASSET_KEYS.zombieTankPortrait,src/assets/processed/zombies/tank-portrait.png,324108,512,512,50f3c33bb3e4aa19b0cb36cb64005e0d0367af38122b194af22b88846413c3fb,project-zombies,loaded
image,GAME_ASSET_KEYS.zombieWalkerDirectional,src/assets/processed/zombies/walker-directional-custom.png,16155261,4096,4096,d9de956a0d8ab9d7752c6ff4866b883ca48dca1aa642e2deb52a3b46d09c7238,project-zombies,loaded
image,GAME_ASSET_KEYS.zombieWalkerPortrait,src/assets/processed/zombies/walker-portrait.png,1150622,1024,1024,efcf6d635fd42303f2b0865e5ef189432e2111476f95fb471a375d934a3f1909,project-zombies,loaded
image,GAME_ASSET_KEYS.zombieBloodied,src/assets/zombie-1.1/PNG/48x64/bloody_zombie-NESW.png,2564,144,256,ef68679f91c37e790f3ab8bde8f9e815388e62b9e187b79d5bf8f0a53a5486b5,zombies-1.1,legacy-preload
image,GAME_ASSET_KEYS.zombieHeadless,src/assets/zombie-1.1/PNG/48x64/headless_zombie-NESW.png,1401,144,256,601cb068b6420a57f206c5077d74e4a72a48f910a682b870546e2490a249f48b,zombies-1.1,legacy-preload
image,GAME_ASSET_KEYS.zombieFeral,src/assets/zombie-1.1/PNG/48x64/zombie-NESW.png,2072,144,256,9cea2cdd70a1b37eed8cdd2713ef3151147b43ec0ea53cd4232de57181f1a3fa,zombies-1.1,legacy-preload
